name;shortname;unit;group;type;category;valuetype;default;min;max;Dislich2018;Model2018
reproducible?;NA;NA;parameter;global;setup;boolean;FALSE;NA;NA;NA;TRUE
rnd-seed;NA;NA;parameter;global;setup;numeric;3478436;NA;NA;NA;100
which-map;NA;NA;parameter;global;setup;string;"""hundred-farmers3""";NA;NA;NA;"""hundred-farmers3"""
land-use-change-decision;NA;NA;parameter;global;setup;string;"""only-one-field-per-year""";NA;NA;"""only-one-field-per-year""";"""only-one-field-per-year"""
sim-time;NA;years;parameter;global;setup;numeric;61;NA;NA;50;50
price_scenario;NA;NA;parameter;global;prices;string;"""constant_prices""";NA;NA;NA;"""constant_prices"""
price-fluctuation-percent;NA;percent;parameter;global;prices;numeric;10;NA;NA;NA;10
historical_smoothing;NA;-;parameter;global;prices;numeric;0;NA;NA;NA;NA
LUT-0-folder;NA;NA;parameter;global;prices;string;"""oilpalm""";NA;NA;NA;NA
LUT-0-price;p_o;USD/ton;parameter;global;prices;numeric;90;NA;NA;90;90
LUT-0-price-mu;NA;NA;parameter;global;prices;numeric;1.9;NA;NA;NA;0
LUT-0-price-sd;NA;NA;parameter;global;prices;numeric;10;NA;NA;NA;50
LUT-1-folder;NA;NA;parameter;global;prices;string;"""rubber""";NA;NA;NA;NA
LUT-1-price;p_r;USD/ton;parameter;global;prices;numeric;1100;NA;NA;1100;1100
LUT-1-price-mu;NA;NA;parameter;global;prices;numeric;11;NA;NA;NA;0
LUT-1-price-sd;NA;NA;parameter;global;prices;numeric;100;NA;NA;NA;500
l_mng_price_tinput_management-0;p_TI;USD/kg;parameter;global;costs;numeric;0.5;0.45;0.55;0.5;0.5
l_mng_wages_management-0;w_l;USD/hour;parameter;global;costs;numeric;1.6;1.44;1.76;1.6;1.6
optimal-invest-costs_lut-0;icost_total_o;USD/ha;parameter;global;costs;numeric;"""[600 200 150]""";"""[540 180 135]""";"""[660 220 165]""";"""[600 200 150]""";"""[600 175 175]"""
optimal-invest-costs_lut-1;icost_total_r;USD/ha;parameter;global;costs;numeric;"""[200 70 70 70 70]""";"""[180 63 63 63 63]""";"""[220 77 77 77 77]""";"""[200 70 70 70 70]""";"""[200 70 70 70 70]"""
b1;l_o1;years;parameter;global;costs;numeric;5;4.5;5.5;5;5
b2;l_o2;years;parameter;global;costs;numeric;7;6.3;7.7;7;7
b3;l_o3;years;parameter;global;costs;numeric;25;22.5;27.5;25;25
m1;l_o4;hours/year;parameter;global;costs;numeric;100;90;110;100;100
m2;l_o5;hours/year;parameter;global;costs;numeric;-80;-88;-72;-80;-80
m3;l_o6;hours/year;parameter;global;costs;numeric;-0.8;-0.88;-0.72;-0.8;-0.8
n1;l_o7;hours;parameter;global;costs;numeric;-230;-253;-207;-230;-230
n2;l_o8;hours;parameter;global;costs;numeric;690;621;759;690;690
n3;l_o9;hours;parameter;global;costs;numeric;120;108;132;120;120
plateau_labor;l_o10;hours;parameter;global;costs;numeric;1400;1260;1540;1400;1400
b_labor;l_r1;hours/(ha*year);parameter;global;costs;numeric;700;630;770;700;700
m_lut-0;t_o1;kg/(ha*year);parameter;global;costs;numeric;740;666;814;740;740
m_lut-1;t_r1;kg/(ha*year);parameter;global;costs;numeric;150;135;165;150;150
quadratic_term;p_r1;-;parameter;global;costs;numeric;-0.007;-0.0077;-0.0063;-0.007;-0.007
linear_term;p_r2;tons/ha;parameter;global;costs;numeric;0.3;0.27;0.33;0.3;0.3
constant;p_r3;-;parameter;global;costs;numeric;2.5;2.25;2.75;2.5;2.5
intercept;p_o5;tons/ha;parameter;global;costs;numeric;46;41.4;50.6;46;46
slope;p_o4;-;parameter;global;costs;numeric;-0.6;-0.66;-0.54;-0.6;-0.6
plateau_yield;p_o3;tons/ha;parameter;global;costs;numeric;40;36;44;40;40
expo;p_o2;-;parameter;global;costs;numeric;0.7;0.63;0.77;0.7;0.7
scal;p_o1;-;parameter;global;costs;numeric;0.3;0.27;0.33;0.3;0.3
lut0_carbon_factor;NA;NA;parameter;global;carbon_old;numeric;18.95;17.055;20.845;18.95;18.95
lut0_carbon_exp;NA;NA;parameter;global;carbon_old;numeric;0.5;0.45;0.55;0.5;0.5
lut0_carbon_content;NA;NA;parameter;global;carbon_old;numeric;0.413;0.3717;0.4543;0.413;0.413
lut0_root_shoot_ratio;NA;NA;parameter;global;carbon_old;numeric;1.35;1.215;1.485;1.35;1.35
lut1_carbon_factor;NA;NA;parameter;global;carbon_old;numeric;58.609;52.7481;64.4699;58.609;58.609
lut1_carbon_exp1;NA;NA;parameter;global;carbon_old;numeric;-13.696;-15.0656;-12.3264;-13.696;-13.696
lut1_carbon_exp2;NA;NA;parameter;global;carbon_old;numeric;-0.264;-0.2904;-0.2376;-0.264;-0.264
consumption-on?;NA;NA;parameter;global;consumption;boolean;TRUE;NA;NA;NA;NA
consumption_base;C_-;USD;parameter;global;consumption;numeric;1000;900;1100;1000;1000
consumption_frac_cash;C_pi;-;parameter;global;consumption;numeric;0.1;0.09;0.11;0.1;0.1
consumption_frac_wealth;C_W;-;parameter;global;consumption;numeric;0.05;0.045;0.055;0.05;0.05
heterogeneous-hhs?;NA;NA;parameter;global;inefficiency;boolean;TRUE;NA;NA;NA;FALSE
learning-spillover?;NA;NA;parameter;global;inefficiency;boolean;TRUE;NA;NA;NA;FALSE
setup-hh-network;NA;NA;parameter;global;inefficiency;string;"""hh-nw-n-nearest-neighbors""";NA;NA;"""hh-nw-kernel-distance""";"""hh-nw-kernel-distance"""
hh-nw-param1;NW_1;patches;parameter;global;inefficiency;numeric;10;9;11;20;10
hh-nw-param2;NA;NA;parameter;global;inefficiency;numeric;50;NA;NA;50;50
spillover-share;NW_2;-;parameter;global;inefficiency;numeric;1;0.9;NA;NA;1
l_inefficiency_alpha_lut-0;IN_o1;-;parameter;global;inefficiency;numeric;3.168;2.8512;3.4848;3.168;3.168
l_inefficiency_alpha_lut-1;IN_r1;-;parameter;global;inefficiency;numeric;3.445;3.1005;3.7895;3.445;3.445
l_inefficiency_lambda_lut-0;IN_o2;-;parameter;global;inefficiency;numeric;0.069;0.0621;0.0759;0.069;0.069
l_inefficiency_lambda_lut-1;IN_r2;-;parameter;global;inefficiency;numeric;0.093;0.0837;0.1023;0.093;0.093
landmarket?;NA;NA;parameter;global;landmarket;boolean;TRUE;NA;NA;NA;NA
h_debt_years_max_bankrupt;D_max;years;parameter;global;landmarket;numeric;5;4;6;5;5
buyer_pool_n;buyer_p;number;parameter;global;landmarket;numeric;20;18;22;NA;NA
immigrant_probability;immi_p;-;parameter;global;landmarket;numeric;0.25;0.225;0.275;NA;NA
land_price_increase;p_L_inc;-;parameter;global;landmarket;numeric;0.05;0.045;0.055;NA;NA
immigrant-xp-bonus;immi_b;-;parameter;global;landmarket;string;"""[0 0]""";"""[0.1 0.1]""";"""[0.9 0.9]""";NA;NA
immigrant-wealth-factor;immi_w;-;parameter;global;landmarket;numeric;13;11.7;14.3;NA;NA
initial-wealth-distribution;NA;NA;parameter;global;wealth;string;"""log-normal""";NA;NA;"""log-normal""";"""log-normal"""
init-wealth-correction-factor;W_cf;-;parameter;global;wealth;numeric;10;9;11;10;10
wealth-log-mean;W_mean;-;parameter;global;wealth;numeric;7;6.3;7.7;7;7
wealth-log-sd;W_sd;-;parameter;global;wealth;numeric;1;0.9;1.1;1;1
wealth-constant;W_const;USD;parameter;global;wealth;numeric;10000;9000;11000;NA;10000
min-wealth;W_min;USD;parameter;global;wealth;numeric;30;27;33;30;30
time-horizon;T_h;years;parameter;global;capital;numeric;10;9;11;NA;10
discount-rate;disc_r;-;parameter;global;capital;numeric;0.1;0.09;0.11;NA;0.1
land_price;p_L;USD/ha;parameter;global;capital;numeric;750;675;825;750;750
external_income;Y_~;USD;parameter;global;capital;numeric;500;450;550;500;500
rent_rate_capital_lend;r_K_l;-;parameter;global;capital;numeric;0.08;0.072;0.088;NA;NA
rent_rate_capital_borrow;r_K;-;parameter;global;capital;numeric;0.15;0.135;0.165;0.1;0.1
rent_rate_land;r_L;-;parameter;global;capital;numeric;0.1;0.09;0.11;0.1;0.1
l_depriciation_rate_young_lut-0;d_o2;-;parameter;global;capital;numeric;-0.1;-0.11;-0.09;-0.1;-0.1
l_depriciation_rate_young_lut-1;d_r2;-;parameter;global;capital;numeric;-0.05;-0.055;-0.045;-0.05;-0.05
l_depriciation_rate_old_lut-0;d_o3;-;parameter;global;capital;numeric;0.1;0.09;0.11;0.1;0.1
l_depriciation_rate_old_lut-1;d_r3;-;parameter;global;capital;numeric;0.05;0.045;0.055;0.05;0.05
l_depriciation_rate_switch_lut-0;c_o4;years;parameter;global;capital;numeric;10;9;11;10;10
l_depriciation_rate_switch_lut-1;c_r4;years;parameter;global;capital;numeric;15;13.5;16.5;15;15
l_max_age_lut-0;maxage_o;years;parameter;global;capital;numeric;25;22.5;27.5;30;25
l_max_age_lut-1;maxage_r;years;parameter;global;capital;numeric;30;27;33;40;30
dynamic-costs?;NA;NA;parameter;global;capital;numeric;FALSE;NA;NA;NA;NA
carbon_ncinv;NA;NA;parameter;global;carbon_ncinv;string;"""ncinv-carbon""";NA;NA;NA;NA
sensitivity?;NA;NA;parameter;global;sensitivity;boolean;TRUE;NA;NA;NA;NA
c_forest-agb;CB_a_f;tons/ha;parameter;global;carbon_ncinv;numeric;89.4;80.46;98.34;NA;NA
c_forest-bgb;CB_b_f;tons/ha;parameter;global;carbon_ncinv;numeric;44.7;40.23;49.17;NA;NA
c_forest-soc;CB_s_f;tons/ha;parameter;global;carbon_ncinv;numeric;128.79;115.911;141.669;NA;NA
c_forest-dead;CB_d_f;tons/ha;parameter;global;carbon_ncinv;numeric;18.123;16.311;19.935;NA;NA
c_lut-0-agb;CB_a_o;tons/ha;parameter;global;carbon_ncinv;numeric;49.01;44.109;53.911;NA;NA
c_lut-0-bgb;CB_b_o;tons/ha;parameter;global;carbon_ncinv;numeric;24.51;22.059;26.961;NA;NA
c_lut-0-soc;CB_s_o;tons/ha;parameter;global;carbon_ncinv;numeric;121.55;109.395;133.705;NA;NA
c_lut-0-dead;CB_d_o;tons/ha;parameter;global;carbon_ncinv;numeric;3.18;2.862;3.498;NA;NA
c_lut-1-agb;CB_a_r;tons/ha;parameter;global;carbon_ncinv;numeric;37.57;33.813;41.327;NA;NA
c_lut-1-bgb;CB_b_r;tons/ha;parameter;global;carbon_ncinv;numeric;18.79;16.911;20.669;NA;NA
c_lut-1-soc;CB_s_r;tons/ha;parameter;global;carbon_ncinv;numeric;124.35;111.915;136.785;NA;NA
c_lut-1-dead;CB_d_r;tons/ha;parameter;global;carbon_ncinv;numeric;4.52;4.068;4.972;NA;NA
ecol_interval;NA;NA;parameter;global;ecological;numeric;1;NA;NA;NA;NA
biodiv_ncinv;NA;NA;parameter;global;biodiversity;string;"""habitatquality""";NA;NA;NA;NA
ncinv_experiment;NA;NA;parameter;global;biodiversity;string;"""exp1""";NA;NA;NA;NA
ncinv_test;NA;NA;parameter;global;biodiversity;string;"""test1""";NA;NA;NA;NA
biodiv_ncinv_k;NA;NA;parameter;global;biodiversity;numeric;0.05;NA;NA;NA;NA
hq_lut-0-max-dist;HQ_d_o;km;parameter;global;biodiversity;numeric;0.1;0.09;0.11;NA;NA
hq_lut-1-max-dist;HQ_d_r;km;parameter;global;biodiversity;numeric;0.1;0.09;0.11;NA;NA
hq_immature-lut-0-max-dist;HQ_d_im_o;km;parameter;global;biodiversity;numeric;0.1;0.09;0.11;NA;NA
hq_immature-lut-1-max-dist;HQ_d_im_r;km;parameter;global;biodiversity;numeric;0.1;0.09;0.11;NA;NA
hq_lut-0-weight;HQ_w_o;-;parameter;global;biodiversity;numeric;0.64;0.576;0.704;NA;NA
hq_lut-1-weight;HQ_w_r;-;parameter;global;biodiversity;numeric;0.36;0.324;0.374;NA;NA
hq_immature-lut-0-weight;HQ_w_im_o;-;parameter;global;biodiversity;numeric;0.64;0.576;0.704;NA;NA
hq_immature-lut-1-weight;HQ_w_im_r;-;parameter;global;biodiversity;numeric;0.36;0.324;0.374;NA;NA
hq_lut-0-decay;NA;-;parameter;global;biodiversity;string;"""linear""";NA;NA;NA;NA
hq_lut-1-decay;NA;-;parameter;global;biodiversity;string;"""linear""";NA;NA;NA;NA
hq_immature-lut-0-decay;NA;-;parameter;global;biodiversity;string;"""linear""";NA;NA;NA;NA
hq_immature-lut-1-decay;NA;-;parameter;global;biodiversity;string;"""linear""";NA;NA;NA;NA
hq_lut-0-1-habitat;NA;-;parameter;global;biodiversity;numeric;1;NA;NA;NA;NA
hq_lut-0-2-habitat;NA;-;parameter;global;biodiversity;numeric;1;NA;NA;NA;NA
hq_lut-0-3-habitat;NA;-;parameter;global;biodiversity;numeric;1;NA;NA;NA;NA
hq_lut-0-4-habitat;NA;-;parameter;global;biodiversity;numeric;1;NA;NA;NA;NA
hq_lut-0-5-habitat;NA;-;parameter;global;biodiversity;numeric;1;NA;NA;NA;NA
hq_lut-1-1-habitat;NA;-;parameter;global;biodiversity;numeric;1;NA;NA;NA;NA
hq_lut-1-2-habitat;NA;-;parameter;global;biodiversity;numeric;1;NA;NA;NA;NA
hq_lut-1-3-habitat;NA;-;parameter;global;biodiversity;numeric;1;NA;NA;NA;NA
hq_lut-1-4-habitat;NA;-;parameter;global;biodiversity;numeric;1;NA;NA;NA;NA
hq_lut-1-5-habitat;NA;-;parameter;global;biodiversity;numeric;1;NA;NA;NA;NA
hq_forest-habitat;NA;-;parameter;global;biodiversity;numeric;1;NA;NA;NA;NA
hq_lulc-sensi;NA;-;parameter;global;biodiversity;string;"""age""";NA;NA;NA;NA
hq_lut0-limit1;NA;-;parameter;global;biodiversity;numeric;3;NA;NA;NA;NA
hq_lut0-limit2;NA;-;parameter;global;biodiversity;numeric;10;NA;NA;NA;NA
hq_lut0-limit3;NA;-;parameter;global;biodiversity;numeric;15;NA;NA;NA;NA
hq_lut1-limit1;NA;-;parameter;global;biodiversity;numeric;5;NA;NA;NA;NA
hq_lut1-limit2;NA;-;parameter;global;biodiversity;numeric;10;NA;NA;NA;NA
hq_lut1-limit3;NA;-;parameter;global;biodiversity;numeric;15;NA;NA;NA;NA
hq_lut-0-1-sens-lut-0;HQ_o_x_o;-;parameter;global;biodiversity;numeric;1;0.9;NA;NA;NA
hq_lut-0-1-sens-lut-1;HQ_o_x_r;-;parameter;global;biodiversity;numeric;1;0.9;NA;NA;NA
hq_lut-0-1-sens-immature-lut-0;NA;-;parameter;global;biodiversity;numeric;1;0.9;NA;NA;NA
hq_lut-0-1-sens-immature-lut-1;NA;-;parameter;global;biodiversity;numeric;1;0.9;NA;NA;NA
hq_lut-0-2-sens-lut-0;NA;-;parameter;global;biodiversity;numeric;1;0.9;NA;NA;NA
hq_lut-0-2-sens-lut-1;NA;-;parameter;global;biodiversity;numeric;1;0.9;NA;NA;NA
hq_lut-0-2-sens-immature-lut-0;NA;-;parameter;global;biodiversity;numeric;1;0.9;NA;NA;NA
hq_lut-0-2-sens-immature-lut-1;NA;-;parameter;global;biodiversity;numeric;1;0.9;NA;NA;NA
hq_lut-0-3-sens-lut-0;NA;-;parameter;global;biodiversity;numeric;1;0.9;NA;NA;NA
hq_lut-0-3-sens-lut-1;NA;-;parameter;global;biodiversity;numeric;1;0.9;NA;NA;NA
hq_lut-0-3-sens-immature-lut-0;NA;-;parameter;global;biodiversity;numeric;1;0.9;NA;NA;NA
hq_lut-0-3-sens-immature-lut-1;NA;-;parameter;global;biodiversity;numeric;1;0.9;NA;NA;NA
hq_lut-0-4-sens-lut-0;NA;-;parameter;global;biodiversity;numeric;1;0.9;NA;NA;NA
hq_lut-0-4-sens-lut-1;NA;-;parameter;global;biodiversity;numeric;1;0.9;NA;NA;NA
hq_lut-0-4-sens-immature-lut-0;NA;-;parameter;global;biodiversity;numeric;1;0.9;NA;NA;NA
hq_lut-0-4-sens-immature-lut-1;NA;-;parameter;global;biodiversity;numeric;1;0.9;NA;NA;NA
hq_lut-0-5-sens-lut-0;NA;-;parameter;global;biodiversity;numeric;1;0.9;NA;NA;NA
hq_lut-0-5-sens-lut-1;NA;-;parameter;global;biodiversity;numeric;1;0.9;NA;NA;NA
hq_lut-0-5-sens-immature-lut-0;NA;-;parameter;global;biodiversity;numeric;1;0.9;NA;NA;NA
hq_lut-0-5-sens-immature-lut-1;NA;-;parameter;global;biodiversity;numeric;1;0.9;NA;NA;NA
hq_lut-1-1-sens-lut-0;HQ_r_x_o;-;parameter;global;biodiversity;numeric;1;0.9;NA;NA;NA
hq_lut-1-1-sens-lut-1;HQ_r_x_r;-;parameter;global;biodiversity;numeric;1;0.9;NA;NA;NA
hq_lut-1-1-sens-immature-lut-0;NA;-;parameter;global;biodiversity;numeric;1;0.9;NA;NA;NA
hq_lut-1-1-sens-immature-lut-1;NA;-;parameter;global;biodiversity;numeric;1;0.9;NA;NA;NA
hq_lut-1-2-sens-lut-0;NA;-;parameter;global;biodiversity;numeric;1;0.9;NA;NA;NA
hq_lut-1-2-sens-lut-1;NA;-;parameter;global;biodiversity;numeric;1;0.9;NA;NA;NA
hq_lut-1-2-sens-immature-lut-0;NA;-;parameter;global;biodiversity;numeric;1;0.9;NA;NA;NA
hq_lut-1-2-sens-immature-lut-1;NA;-;parameter;global;biodiversity;numeric;1;0.9;NA;NA;NA
hq_lut-1-3-sens-lut-0;NA;-;parameter;global;biodiversity;numeric;1;0.9;NA;NA;NA
hq_lut-1-3-sens-lut-1;NA;-;parameter;global;biodiversity;numeric;1;0.9;NA;NA;NA
hq_lut-1-3-sens-immature-lut-0;NA;-;parameter;global;biodiversity;numeric;1;0.9;NA;NA;NA
hq_lut-1-3-sens-immature-lut-1;NA;-;parameter;global;biodiversity;numeric;1;0.9;NA;NA;NA
hq_lut-1-4-sens-lut-0;NA;-;parameter;global;biodiversity;numeric;1;0.9;NA;NA;NA
hq_lut-1-4-sens-lut-1;NA;-;parameter;global;biodiversity;numeric;1;0.9;NA;NA;NA
hq_lut-1-4-sens-immature-lut-0;NA;-;parameter;global;biodiversity;numeric;1;0.9;NA;NA;NA
hq_lut-1-4-sens-immature-lut-1;NA;-;parameter;global;biodiversity;numeric;1;0.9;NA;NA;NA
hq_lut-1-5-sens-lut-0;NA;-;parameter;global;biodiversity;numeric;1;0.9;NA;NA;NA
hq_lut-1-5-sens-lut-1;NA;-;parameter;global;biodiversity;numeric;1;0.9;NA;NA;NA
hq_lut-1-5-sens-immature-lut-0;NA;-;parameter;global;biodiversity;numeric;1;0.9;NA;NA;NA
hq_lut-1-5-sens-immature-lut-1;NA;-;parameter;global;biodiversity;numeric;1;0.9;NA;NA;NA
hq_forest-sens-lut-0;HQ_f_x_o;-;parameter;global;biodiversity;numeric;1;0.9;NA;NA;NA
hq_forest-sens-lut-1;HQ_f_x_r;-;parameter;global;biodiversity;numeric;1;0.9;NA;NA;NA
hq_forest-sens-immature-lut-0;NA;-;parameter;global;biodiversity;numeric;1;0.9;NA;NA;NA
hq_forest-sens-immature-lut-1;NA;-;parameter;global;biodiversity;numeric;1;0.9;NA;NA;NA
biodiv_birds;NA;NA;parameter;global;birdrichness;string;"""mahnken/koller""";NA;NA;NA;NA
bird_spillover_effect;B_sp;-;parameter;global;birdrichness;numeric;0.25;0.225;0.275;NA;NA
bird_intercept;B_0;-;parameter;global;birdrichness;numeric;2.078083;1.8702747;2.2858913;NA;NA
bird_pbeetle;B_b;1/beetle species richness;parameter;global;birdrichness;numeric;0.027132;0.0244188;0.0298452;NA;NA
bird_pant;B_a;1/ant species richness;parameter;global;birdrichness;numeric;0.010402;0.0093618;0.0114422;NA;NA
bird_plud;B_l;1/unit land use diversity;parameter;global;birdrichness;numeric;0.476163;0.4285467;0.5237793;NA;NA
bird_pcanopy;B_c;1/unit canopy openness;parameter;global;birdrichness;numeric;2.20185;1.981665;2.422035;NA;NA
bc_r-intercept;P_0_r;number;parameter;global;biocontrol;numeric;0.307045;0.2763405;0.3377495;NA;NA
bc_r-pzmax;P_z_r;1/m;parameter;global;biocontrol;numeric;-0.051988;-0.0571868;-0.0467892;NA;NA
bc_r-prubber;P_r_r;1/rubber proportion;parameter;global;biocontrol;numeric;0.006531;0.0058779;0.0071841;NA;NA
bc_r-pshdi;P_s_r;1/unit shannon diversity index;parameter;global;biocontrol;numeric;-0.675094;-0.7426034;-0.6075846;NA;NA
bc_op-intercept;P_0_o;-;parameter;global;biocontrol;numeric;0.761321;0.6851889;0.8374531;NA;NA
bc_op-pzmax;P_z_o;1/m;parameter;global;biocontrol;numeric;-0.114749;-0.1262239;-0.1032741;NA;NA
bc_op-prubber;P_r_o;1/rubber proportion;parameter;global;biocontrol;numeric;0.005093;0.0045837;0.0056023;NA;NA
bc_op-pforest;P_f_o;1/forest proportion;parameter;global;biocontrol;numeric;-0.016152;-0.0177672;-0.0145368;NA;NA
bc_op-ped;P_e_o;1/m * m2;parameter;global;biocontrol;numeric;-66.190439;-72.8094829;-59.5713951;NA;NA
bc_r-zmax-intercept;P_z1_o;-;parameter;global;biocontrol;numeric;11.99827;10.798443;13.198097;NA;NA
bc_r-zmax-page;P_z2_o;1/year;parameter;global;biocontrol;numeric;0.46252;0.416268;0.508772;NA;NA
bc_op-zmax-intercept;P_z1_r;-;parameter;global;biocontrol;numeric;7.33052;6.597468;8.063572;NA;NA
bc_op-zmax-page;P_z2_r;1/year;parameter;global;biocontrol;numeric;0.43109;0.387981;0.474199;NA;NA
hh_age_alpha;age_1;-;parameter;global;hhage;numeric;14.24;12.816;15.664;NA;NA
hh_age_lambda;age_2;1/year;parameter;global;hhage;numeric;0.31;0.279;0.341;NA;NA
hh_age_min;age_min;years;parameter;global;hhage;numeric;18;16;20;NA;NA
hh_age_max;age_max;years;parameter;global;hhage;numeric;80;72;88;NA;NA
age_generation;age_gen;years;parameter;global;hhage;numeric;40;36;44;NA;NA
takeover_prob;t_p;-;parameter;global;hhage;numeric;0.5;0.45;0.55;NA;NA
write-maps?;NA;NA;parameter;global;output;boolean;FALSE;NA;NA;NA;NA
write-hh-data-to-file?;NA;NA;parameter;global;output;boolean;FALSE;NA;NA;NA;NA
export-view?;NA;NA;parameter;global;output;boolean;FALSE;NA;NA;NA;NA
show-homebases?;NA;NA;parameter;global;output;boolean;TRUE;NA;NA;NA;TRUE
show-roads?;NA;NA;parameter;global;output;boolean;TRUE;NA;NA;NA;TRUE
gr-reproducible?;NA;NA;parameter;global;LGRaf;boolean;TRUE;NA;NA;NA;NA
gr-rnd-seed;NA;NA;parameter;global;LGRaf;numeric;100;NA;NA;NA;NA
gr-width;NA;NA;parameter;global;LGRaf;numeric;100;NA;NA;NA;NA
gr-height;NA;NA;parameter;global;LGRaf;numeric;100;NA;NA;NA;NA
gr-cell-length-meter;NA;NA;parameter;global;LGRaf;numeric;50;NA;NA;NA;NA
gr-road.algorithm;NA;NA;parameter;global;LGRaf;string;"""real.shapefile""";NA;NA;NA;NA
gr-total-road-length;NA;NA;parameter;global;LGRaf;numeric;1099;NA;NA;NA;NA
gr-road-map-id;NA;NA;parameter;global;LGRaf;string;"""jambi1""";NA;NA;NA;NA
gr-min-dist-roads;NA;NA;parameter;global;LGRaf;numeric;5;NA;NA;NA;NA
gr-perlin-octaves;NA;NA;parameter;global;LGRaf;numeric;10;NA;NA;NA;NA
gr-perlin-persistence;NA;NA;parameter;global;LGRaf;numeric;0.8;NA;NA;NA;NA
gr-setup-model;NA;NA;parameter;global;LGRaf;string;"""number-of-households""";NA;NA;NA;NA
gr-number-of-households;NA;NA;parameter;global;LGRaf;numeric;100;NA;NA;50;NA
gr-number-of-villages;NA;NA;parameter;global;LGRaf;numeric;12;NA;NA;NA;NA
gr-proportion-agricultural-area;NA;NA;parameter;global;LGRaf;numeric;0.3;NA;NA;NA;NA
gr-households-per-cell;NA;NA;parameter;global;LGRaf;numeric;1;NA;NA;NA;NA
gr-cone-angle;NA;NA;parameter;global;LGRaf;numeric;120;NA;NA;NA;NA
gr-dist-weight;NA;NA;parameter;global;LGRaf;numeric;0.6;NA;NA;NA;NA
gr-hh-area-distribution;NA;NA;parameter;global;LGRaf;string;"""log-normal""";NA;NA;"""log-normal""";NA
gr-hh-area-mean-ha;NA;NA;parameter;global;LGRaf;numeric;1;NA;NA;1.02;NA
gr-hh-area-sd-ha;NA;NA;parameter;global;LGRaf;numeric;0.92;NA;NA;0.92;NA
gr-vlg-area-distribution;NA;NA;parameter;global;LGRaf;string;"""uniform""";NA;NA;NA;NA
gr-vlg-area-mean;NA;NA;parameter;global;LGRaf;numeric;68.17;NA;NA;NA;NA
gr-vlg-area-sd;NA;NA;parameter;global;LGRaf;numeric;56.73;NA;NA;NA;NA
gr-min-distance;NA;NA;parameter;global;LGRaf;numeric;0;NA;NA;NA;NA
gr-occ-probability;NA;NA;parameter;global;LGRaf;numeric;0;NA;NA;NA;NA
gr-hh-distribution;NA;NA;parameter;global;LGRaf;string;"""log-normal""";NA;NA;NA;NA
gr-hh-type-mean;NA;NA;parameter;global;LGRaf;numeric;0.56;NA;NA;NA;NA
gr-hh-type-sd;NA;NA;parameter;global;LGRaf;numeric;0.24;NA;NA;NA;NA
gr-inaccessible-area-location;NA;NA;parameter;global;LGRaf;string;"""random""";NA;NA;NA;NA
gr-inaccessible-area-distribution;NA;NA;parameter;global;LGRaf;string;"""normal""";NA;NA;NA;NA
gr-inaccessible-area-fraction;NA;NA;parameter;global;LGRaf;numeric;0;NA;NA;NA;NA
gr-inaccessible-area-mean;NA;NA;parameter;global;LGRaf;numeric;0.5;NA;NA;NA;NA
gr-inaccessible-area-sd;NA;NA;parameter;global;LGRaf;numeric;10;NA;NA;NA;NA
gr-field-size-distribution;NA;NA;parameter;global;LGRaf;string;"""log-normal""";NA;NA;"""log-normal""";NA
gr-field-size-mean-ha;NA;NA;parameter;global;LGRaf;numeric;0.49;NA;NA;0.49;NA
gr-field-size-sd-ha;NA;NA;parameter;global;LGRaf;numeric;0.77;NA;NA;0.77;NA
gr-change-strategy;NA;NA;parameter;global;LGRaf;numeric;2;NA;NA;NA;NA
gr-s1.homebase;NA;NA;parameter;global;LGRaf;boolean;TRUE;NA;NA;NA;NA
gr-s2.fields;NA;NA;parameter;global;LGRaf;boolean;TRUE;NA;NA;NA;NA
gr-s3.nearby;NA;NA;parameter;global;LGRaf;boolean;TRUE;NA;NA;NA;NA
gr-s4.avoid;NA;NA;parameter;global;LGRaf;boolean;TRUE;NA;NA;NA;NA
gr-set-field-strategies-by-id?;NA;NA;parameter;global;LGRaf;boolean;FALSE;NA;NA;NA;NA
gr-field-strategies-id;NA;NA;parameter;global;LGRaf;numeric;7;NA;NA;NA;NA
gr-LUT-fill-up;NA;NA;parameter;global;LGRaf;string;"""LUT-1-fraction""";NA;NA;NA;NA
gr-land-use-types;NA;NA;parameter;global;LGRaf;string;"""household-level-specialization""";NA;NA;NA;NA
gr-LUT-0-fraction;NA;NA;parameter;global;LGRaf;numeric;0.5;NA;NA;0.5;NA
gr-LUT-1-fraction;NA;NA;parameter;global;LGRaf;numeric;0.5;NA;NA;0.5;NA
gr-LUT-2-fraction;NA;NA;parameter;global;LGRaf;numeric;0;NA;NA;NA;NA
gr-LUT-3-fraction;NA;NA;parameter;global;LGRaf;numeric;0;NA;NA;NA;NA
gr-LUT-4-fraction;NA;NA;parameter;global;LGRaf;numeric;0;NA;NA;NA;NA
gr-LUT-0-specialize;NA;NA;parameter;global;LGRaf;numeric;0;NA;NA;NA;NA
gr-LUT-1-specialize;NA;NA;parameter;global;LGRaf;numeric;0;NA;NA;NA;NA
gr-LUT-2-specialize;NA;NA;parameter;global;LGRaf;numeric;0;NA;NA;NA;NA
gr-LUT-3-specialize;NA;NA;parameter;global;LGRaf;numeric;0;NA;NA;NA;NA
gr-LUT-4-specialize;NA;NA;parameter;global;LGRaf;numeric;0;NA;NA;NA;NA
gr-default.maps;NA;NA;parameter;global;LGRaf;string;"""forestcluster""";NA;NA;NA;NA
gr-write-household-ids;NA;NA;parameter;global;LGRaf;string;"""layered-files""";NA;NA;NA;NA
ticks;NA;NA;variable;global;global;numeric;NA;NA;NA;NA;NA
p.carbon-biomass.lut0.mean;NA;NA;variable;global;carbon;numeric;NA;NA;NA;NA;NA
p.carbon-biomass.lut1.mean;NA;NA;variable;global;carbon;numeric;NA;NA;NA;NA;NA
p.carbon-biomass.forest.mean;NA;NA;variable;global;carbon;numeric;NA;NA;NA;NA;NA
p.carbon.total.mean;NA;NA;variable;global;carbon_ncinv;numeric;NA;NA;NA;NA;NA
p.carbon.soil.mean;NA;NA;variable;global;carbon_ncinv;numeric;NA;NA;NA;NA;NA
p.carbon.dead.mean;NA;NA;variable;global;carbon_ncinv;numeric;NA;NA;NA;NA;NA
p.carbon.above.mean;NA;NA;variable;global;carbon_ncinv;numeric;NA;NA;NA;NA;NA
p.carbon.below.mean;NA;NA;variable;global;carbon_ncinv;numeric;NA;NA;NA;NA;NA
p.carbon.total.min;NA;NA;variable;global;carbon_ncinv;numeric;NA;NA;NA;NA;NA
p.carbon.total.max;NA;NA;variable;global;carbon_ncinv;numeric;NA;NA;NA;NA;NA
p.carbon.total.sd;NA;NA;variable;global;carbon_ncinv;numeric;NA;NA;NA;NA;NA
p.carbon-biomass-ncinv.lut0.mean;NA;NA;variable;global;carbon_ncinv;numeric;NA;NA;NA;NA;NA
p.carbon-biomass-ncinv.lut1.mean;NA;NA;variable;global;carbon_ncinv;numeric;NA;NA;NA;NA;NA
p.carbon-biomass-ncinv.forest.mean;NA;NA;variable;global;carbon_ncinv;numeric;NA;NA;NA;NA;NA
p.carbon-total-ncinv.lut0.mean;NA;NA;variable;global;carbon_ncinv;numeric;NA;NA;NA;NA;NA
p.carbon-total-ncinv.lut1.mean;NA;NA;variable;global;carbon_ncinv;numeric;NA;NA;NA;NA;NA
p.carbon-total-ncinv.forest.mean;NA;NA;variable;global;carbon_ncinv;numeric;NA;NA;NA;NA;NA
lut0.price;NA;NA;variable;global;prices;numeric;NA;NA;NA;NA;NA
lut1.price;NA;NA;variable;global;prices;numeric;NA;NA;NA;NA;NA
lut0.fraction.original;NA;NA;variable;global;prices;numeric;NA;NA;NA;NA;NA
lut1.fraction.original;NA;NA;variable;global;prices;numeric;NA;NA;NA;NA;NA
lut0.fraction;NA;NA;variable;global;landscape;numeric;NA;NA;NA;NA;NA
lut1.fraction;NA;NA;variable;global;landscape;numeric;NA;NA;NA;NA;NA
lut0.fraction.owned;NA;NA;variable;global;landscape;numeric;NA;NA;NA;NA;NA
lut1.fraction.owned;NA;NA;variable;global;landscape;numeric;NA;NA;NA;NA;NA
lut0.fraction.fallow;NA;NA;variable;global;landscape;numeric;NA;NA;NA;NA;NA
lut1.fraction.fallow;NA;NA;variable;global;landscape;numeric;NA;NA;NA;NA;NA
lut0.fraction.landscape;NA;NA;variable;global;landscape;numeric;NA;NA;NA;NA;NA
lut1.fraction.landscape;NA;NA;variable;global;landscape;numeric;NA;NA;NA;NA;NA
forest.fraction.landscape;NA;NA;variable;global;landscape;numeric;NA;NA;NA;NA;NA
area.under.agriculture;NA;NA;variable;global;landscape;numeric;NA;NA;NA;NA;NA
lut0.yield.sum;NA;NA;variable;global;production;numeric;NA;NA;NA;NA;NA
lut1.yield.sum;NA;NA;variable;global;production;numeric;NA;NA;NA;NA;NA
lut0.yield.mean;NA;NA;variable;global;production;numeric;NA;NA;NA;NA;NA
lut1.yield.mean;NA;NA;variable;global;production;numeric;NA;NA;NA;NA;NA
hh.count;NA;NA;variable;global;household;numeric;NA;NA;NA;NA;NA
hh.area.sum;NA;NA;variable;global;household;numeric;NA;NA;NA;NA;NA
hh.area.mean;NA;NA;variable;global;household;numeric;NA;NA;NA;NA;NA
hh.consumption.sum;NA;NA;variable;global;household;numeric;NA;NA;NA;NA;NA
hh.consumption.mean;NA;NA;variable;global;household;numeric;NA;NA;NA;NA;NA
hh.lut0.ineff.mean;NA;NA;variable;global;household;numeric;NA;NA;NA;NA;NA
hh.lut1.ineff.mean;NA;NA;variable;global;household;numeric;NA;NA;NA;NA;NA
abandoned.land;NA;NA;variable;global;landmarket;numeric;NA;NA;NA;NA;NA
lm.seller.wealth;NA;NA;variable;global;landmarket;numeric;NA;NA;NA;NA;NA
lm.buyer.wealth;NA;NA;variable;global;landmarket;numeric;NA;NA;NA;NA;NA
lm.seller.area;NA;NA;variable;global;landmarket;numeric;NA;NA;NA;NA;NA
lm.buyer.area;NA;NA;variable;global;landmarket;numeric;NA;NA;NA;NA;NA
lm.seller.lut0.ineff;NA;NA;variable;global;landmarket;numeric;NA;NA;NA;NA;NA
lm.buyer.lut0.ineff;NA;NA;variable;global;landmarket;numeric;NA;NA;NA;NA;NA
lm.seller.lut1.ineff;NA;NA;variable;global;landmarket;numeric;NA;NA;NA;NA;NA
lm.buyer.lut1.ineff;NA;NA;variable;global;landmarket;numeric;NA;NA;NA;NA;NA
hh.count.immigrant;NA;NA;variable;global;landmarket;numeric;NA;NA;NA;NA;NA
p.hq.mean;NA;NA;variable;global;biodiversity;numeric;NA;NA;NA;NA;NA
p.hq.min;NA;NA;variable;global;biodiversity;numeric;NA;NA;NA;NA;NA
p.hq.max;NA;NA;variable;global;biodiversity;numeric;NA;NA;NA;NA;NA
p.hq.sd;NA;NA;variable;global;biodiversity;numeric;NA;NA;NA;NA;NA
p.hq.forest.mean;NA;NA;variable;global;biodiversity;numeric;NA;NA;NA;NA;NA
p.hq.lut0.mean;NA;NA;variable;global;biodiversity;numeric;NA;NA;NA;NA;NA
p.hq.lut1.mean;NA;NA;variable;global;biodiversity;numeric;NA;NA;NA;NA;NA
p.tinput.sum;NA;NA;variable;global;production;numeric;NA;NA;NA;NA;NA
p.tinput.mean;NA;NA;variable;global;production;numeric;NA;NA;NA;NA;NA
p.capitalstock.sum;NA;NA;variable;global;production;numeric;NA;NA;NA;NA;NA
p.capitalstock.mean;NA;NA;variable;global;production;numeric;NA;NA;NA;NA;NA
p.biocontrol-SF.lut0.mean;NA;NA;variable;global;biocontrol;numeric;NA;NA;NA;NA;NA
p.biocontrol.mean;NA;NA;variable;global;biocontrol;numeric;NA;NA;NA;NA;NA
p.biocontrol.sd;NA;NA;variable;global;biocontrol;numeric;NA;NA;NA;NA;NA
p.biocontrol.lut1.mean;NA;NA;variable;global;biocontrol;numeric;NA;NA;NA;NA;NA
p.biocontrol.rub.sd;NA;NA;variable;global;biocontrol;numeric;NA;NA;NA;NA;NA
p.biocontrol.lut0.mean;NA;NA;variable;global;biocontrol;numeric;NA;NA;NA;NA;NA
p.biocontrol.oil.sd;NA;NA;variable;global;biocontrol;numeric;NA;NA;NA;NA;NA
p.zmax.mean;NA;NA;variable;global;biocontrol;numeric;NA;NA;NA;NA;NA
p.rubber_prop.mean;NA;NA;variable;global;biocontrol;numeric;NA;NA;NA;NA;NA
p.shdi.mean;NA;NA;variable;global;biocontrol;numeric;NA;NA;NA;NA;NA
p.forest_prop.mean;NA;NA;variable;global;biocontrol;numeric;NA;NA;NA;NA;NA
p.ed_prop.mean;NA;NA;variable;global;biocontrol;numeric;NA;NA;NA;NA;NA
p.bird.richness.max;NA;NA;variable;global;birdrichness;numeric;NA;NA;NA;NA;NA
p.bird.richness.min;NA;NA;variable;global;birdrichness;numeric;NA;NA;NA;NA;NA
p.bird.richness.mean;NA;NA;variable;global;birdrichness;numeric;NA;NA;NA;NA;NA
p.bird.lut0.mean;NA;NA;variable;global;birdrichness;numeric;NA;NA;NA;NA;NA
p.bird.lut1.mean;NA;NA;variable;global;birdrichness;numeric;NA;NA;NA;NA;NA
p.bird.forest.mean;NA;NA;variable;global;birdrichness;numeric;NA;NA;NA;NA;NA
pxcor;NA;NA;variable;patches;landscape;numeric;NA;NA;NA;NA;NA
pycor;NA;NA;variable;patches;landscape;numeric;NA;NA;NA;NA;NA
pcolor;NA;NA;variable;patches;landscape;numeric;NA;NA;NA;NA;NA
p_landuse;NA;NA;variable;patches;landscape;numeric;NA;NA;NA;NA;NA
p_management;NA;NA;variable;patches;management;numeric;NA;NA;NA;NA;NA
p_road;NA;NA;variable;patches;landscape;numeric;NA;NA;NA;NA;NA
p_age;NA;NA;variable;patches;production;numeric;NA;NA;NA;NA;NA
p_fieldsize;NA;NA;variable;patches;landscape;numeric;NA;NA;NA;NA;NA
p_carbon;NA;NA;variable;patches;carbon;numeric;NA;NA;NA;NA;NA
p_carbon_soil;NA;NA;variable;patches;carbon_ncinv;numeric;NA;NA;NA;NA;NA
p_carbon_dead;NA;NA;variable;patches;carbon_ncinv;numeric;NA;NA;NA;NA;NA
p_owner;NA;NA;variable;patches;household;agent;NA;NA;NA;NA;NA
p_homebase;NA;NA;variable;patches;household;numeric;NA;NA;NA;NA;NA
p_production;NA;NA;variable;patches;production;numeric;NA;NA;NA;NA;NA
p_id;NA;NA;variable;patches;landscape;numeric;NA;NA;NA;NA;NA
p_labor;NA;NA;variable;patches;production;numeric;NA;NA;NA;NA;NA
p_tinput;NA;NA;variable;patches;production;numeric;NA;NA;NA;NA;NA
p_capitalstock;NA;NA;variable;patches;production;numeric;NA;NA;NA;NA;NA
p_invest;NA;NA;variable;patches;production;numeric;NA;NA;NA;NA;NA
p_actual_production;NA;NA;variable;patches;production;numeric;NA;NA;NA;NA;NA
p_optimal_production;NA;NA;variable;patches;production;numeric;NA;NA;NA;NA;NA
p_impact_ncinv;NA;NA;variable;patches;biodiversity;boolean;NA;NA;NA;NA;NA
p_landuse_ncinv;NA;NA;variable;patches;biodiversity;numeric;NA;NA;NA;NA;NA
p_hq_ncinv;NA;NA;variable;patches;biodiversity;numeric;NA;NA;NA;NA;NA
p_biocontrol;NA;NA;variable;patches;biocontrol;numeric;NA;NA;NA;NA;NA
who;NA;NA;variable;turtles;household;numeric;NA;NA;NA;NA;NA
h_homebase;NA;NA;variable;turtles;household;agent;NA;NA;NA;NA;NA
h_id;NA;NA;variable;turtles;household;numeric;NA;NA;NA;NA;NA
h_area;NA;NA;variable;turtles;household;numeric;NA;NA;NA;NA;NA
h_patches;NA;NA;variable;turtles;household;agentset;NA;NA;NA;NA;NA
h_field_id_list;NA;NA;variable;turtles;household;list;NA;NA;NA;NA;NA
h_wealth;NA;NA;variable;turtles;wealth;numeric;NA;NA;NA;NA;NA
h_debts;NA;NA;variable;turtles;wealth;numeric;NA;NA;NA;NA;NA
h_debt_years;NA;NA;variable;turtles;wealth;numeric;NA;NA;NA;NA;NA
h_capitalstock;NA;NA;variable;turtles;wealth;numeric;NA;NA;NA;NA;NA
h_exincome;NA;NA;variable;turtles;wealth;numeric;NA;NA;NA;NA;NA
h_netcashflow;NA;NA;variable;turtles;production;numeric;NA;NA;NA;NA;NA
h_netcashflow_exp;NA;NA;variable;turtles;production;numeric;NA;NA;NA;NA;NA
h_consumption;NA;NA;variable;turtles;consumption;numeric;NA;NA;NA;NA;NA
h_fixconsumption;NA;NA;variable;turtles;consumption;numeric;NA;NA;NA;NA;NA
h_varconsumption;NA;NA;variable;turtles;consumption;numeric;NA;NA;NA;NA;NA
h_cost_investment;NA;NA;variable;turtles;costs;numeric;NA;NA;NA;NA;NA
h_cost_labor;NA;NA;variable;turtles;costs;numeric;NA;NA;NA;NA;NA
h_cost_tinput;NA;NA;variable;turtles;costs;numeric;NA;NA;NA;NA;NA
h_cost_capital;NA;NA;variable;turtles;costs;numeric;NA;NA;NA;NA;NA
h_cost_land;NA;NA;variable;turtles;costs;numeric;NA;NA;NA;NA;NA
h_revenue;NA;NA;variable;turtles;production;numeric;NA;NA;NA;NA;NA
h_production;NA;NA;variable;turtles;production;numeric;NA;NA;NA;NA;NA
h_inefficiencies;NA;NA;variable;turtles;inefficiency;list;NA;NA;NA;NA;NA
h_management;NA;NA;variable;turtles;management;list;NA;NA;NA;NA;NA
h_land-use-change;NA;NA;variable;turtles;production;list;NA;NA;NA;NA;NA
h_connected_hhs;NA;NA;variable;turtles;inefficiency;agentset;NA;NA;NA;NA;NA
